{"number_episodes": 5, "episode_rewards": [912.2999999999829, 922.7999999999935, 869.7999999999736, 900.5999999999896, 912.5999999999872], "mean_all_episodes": 903.6199999999851, "std_all_episodes": 18.312662285976185}