{"number_episodes": 5, "episode_rewards": [914.7999999999852, 907.9999999999818, 911.5999999999846, 920.6999999999924, 900.5999999999901], "mean_all_episodes": 911.1399999999869, "std_all_episodes": 6.722380530735444}