{"number_episodes": 14, "episode_rewards": [836.4999999999695, 878.1999999999796, 825.4999999999717, 847.7999999999729, 878.79999999998, 874.1999999999861, 878.4999999999856, 874.6999999999842, 887.2999999999838, 890.4999999999811, 894.5999999999837, 792.8999999999648, 886.1999999999855, 866.1999999999825], "mean_all_episodes": 865.1357142856938, "std_all_episodes": 28.115491589998463}