{"number_episodes": 5, "episode_rewards": [910.6999999999816, 912.399999999983, 913.1999999999846, 900.9999999999808, 912.4999999999885], "mean_all_episodes": 909.9599999999837, "std_all_episodes": 4.554821621097276}