{"episode_rewards": [577.4510204081548, 423.5593059936858, 448.7215488215437, 423.70952380952076, 491.29784946236003, 499.17797833934407, 534.1412451361814, 416.133766233764, 325.76750788643125, 459.22203389830014, 339.002564102561, 354.4454545454519, 433.23333333332835, 503.6735849056535, 511.01111111110487], "mean": 449.36985519915896, "std": 70.15914648530054}