{"number_episodes": 9, "episode_rewards": [893.3999999999912, 878.4999999999775, 911.4999999999873, 897.9999999999787, 890.7999999999794, 919.0999999999906, 912.1999999999799, 884.799999999976, 875.5999999999777], "mean_all_episodes": 895.988888888871, "std_all_episodes": 14.613345836710796}