{"number_episodes": 9, "episode_rewards": [910.6999999999816, 912.399999999983, 913.1999999999846, 900.9999999999808, 912.4999999999885, 838.5999999999723, 899.6999999999908, 910.0999999999849, 813.9999999999711], "mean_all_episodes": 890.2444444444263, "std_all_episodes": 34.9781872064189}