{"number_episodes": 11, "episode_rewards": [836.4999999999695, 878.1999999999796, 825.4999999999717, 847.7999999999729, 878.79999999998, 874.1999999999861, 878.4999999999856, 874.6999999999842, 887.2999999999838, 890.4999999999811, 894.5999999999837], "mean_all_episodes": 869.6909090908889, "std_all_episodes": 21.691324388317472}