{"number_episodes": 3, "episode_rewards": [836.4999999999695, 878.1999999999796, 825.4999999999717], "mean_all_episodes": 846.7333333333069, "std_all_episodes": 22.698947601648904}