{"number_episodes": 7, "episode_rewards": [836.4999999999695, 878.1999999999796, 825.4999999999717, 847.7999999999729, 878.79999999998, 874.1999999999861, 878.4999999999856], "mean_all_episodes": 859.9285714285494, "std_all_episodes": 21.11152117993491}