{"number_episodes": 4, "episode_rewards": [893.3999999999912, 878.4999999999775, 911.4999999999873, 897.9999999999787], "mean_all_episodes": 895.3499999999837, "std_all_episodes": 11.785266225252071}